park_name,province,office,latitude,longitude
กุยบุรี,ประจวบคีรีขันธ์,สำนักบริหารพื้นที่อนุรักษ์ที่ 3 สาขาเพชรบุรี,12.09863803,99.63643696
ขุนขาน,เชียงใหม่,สำนักบริหารพื้นที่อนุรักษ์ที่ 16 (เชียงใหม่),18.854222,98.621911
ขุนน่าน,น่าน,สำนักบริหารพื้นที่อนุรักษ์ที่ 13 (แพร่),19.1630435,101.20004850000001
ขุนพะวอ,ตาก,สำนักบริหารพื้นที่อนุรักษ์ที่ 14 (ตาก),17.026301500000002,98.6511775
ขุนสถาน,น่าน,สำนักบริหารพื้นที่อนุรักษ์ที่ 13 (แพร่),18.30494197,100.52102185000001
ขุนแจ,เชีียงราย,สำนักบริหารพื้นที่อนุรักษ์ที่ 15 (เชียงราย),19.102471,99.400475
คลองพนม,สุราษฎร์ธานี,สำนักบริหารพื้นที่อนุรักษ์ที่ 4 (สุราษฎร์ธานี),8.8661825,98.674947
คลองลาน,กำแพงเพชร,สำนักบริหารพื้นที่อนุรักษ์ที่ 12 (นครสวรรค์),16.1314895,99.2777185
คลองวังเจ้า,กำแพงเพชร,สำนักบริหารพื้นที่อนุรักษ์ที่ 12 (นครสวรรค์),16.489072,99.166441
ดอยขุนตาล,ลำพูน,สำนักบริหารพื้นที่อนุรักษ์ที่ 13 สาขาลำปาง,99.276137,18.497912499999998
ดอยจง,ลำปาง,สำนักบริหารพื้นที่อนุรักษ์ที่ 13 สาขาลำปาง,17.898883,99.240686
ดอยผากลอง,แพร่,สำนักบริหารพื้นที่อนุรักษ์ที่ 13 (แพร่),18.1528645,99.985575
ดอยผ้าห่มปก,เชียงใหม่,สำนักบริหารพื้นที่อนุรักษ์ที่ 16 (เชียงใหม่),20.00266872,99.15191006500001
ดอยภูคา,น่าน,สำนักบริหารพื้นที่อนุรักษ์ที่ 13 (แพร่),19.1921,101.08215
ดอยภูนาง,พะเยา,สำนักบริหารพื้นที่อนุรักษ์ที่ 15 (เชียงราย),18.864387,100.183639
ดอยสอยมาลัย,ตาก,สำนักบริหารพื้นที่อนุรักษ์ที่ 14,17.060036,98.978917
ดอยสอยมาลัย-ไม้กลายเป็นหิน,ตาก,สำนักบริหารพื้นที่อนุรักษ์ที่ 14 (ตาก),17.060036,98.978917
ดอยสุเทพ-ปุย,เชียงใหม่,สำนักบริหารพื้นที่อนุรักษ์ที่ 16 (เชียงใหม่),18.825642,98.897158
ดอยหลวง,เชีียงราย,สำนักบริหารพื้นที่อนุรักษ์ที่ 15 (เชียงราย),19.31714,99.703516
ดอยอินทนนท์,เชียงใหม่,สำนักบริหารพื้นที่อนุรักษ์ที่ 16 (เชียงใหม่),18.539381,98.53053
ดอยเวียงผา,เชียงใหม่,สำนักบริหารพื้นที่อนุรักษ์ที่ 16 (เชียงใหม่),19.6646465,99.2279
ตะรุเตา,สตูล,สำนักบริหารพื้นที่อนุรักษ์ที่ 5 (นครศรีธรรมราช),6.562535,99.345549
ตากสินมหาราช,ตาก,สำนักบริหารพื้นที่อนุรักษ์ที่ 14 (ตาก),16.787733000000003,98.92525
ตาดหมอก,เพชรบูรณ์,สำนักบริหารพื้นที่อนุรักษ์ที่ 11 (พิษณุโลก),16.37361,101.32204999999999
ตาดโตน,ชัยภูมิ,สำนักบริหารพื้นที่อนุรักษ์ที่ 7 (นครราชสีมา),15.9807617,102.03897
ตาพระยา,สระแก้ว,สำนักบริหารพื้นที่อนุรักษ์ที่ 1 (ปราจีนบุรี),14.13121,102.64036
ต้นสักใหญ่,อุตรดิตถ์,สำนักบริหารพื้นที่อนุรักษ์ที่ 11 (พิษณุโลก),17.60840615,100.72733925
ต้นสักใหญ่ (คลองตรอน),อุตรดิตถ์,,17.60840615,100.72733925
ถ้ำปลา-น้ำตกผาเสื่อ,แม่ฮ่องสอน,สำนักบริหารพื้นที่อนุรักษ์ที่ 16 สาขาแม่สะเรียง,19.491509,97.956718
ถ้ำผาไท,ลำปาง,สำนักบริหารพื้นที่อนุรักษ์ที่ 13 สาขาลำปาง,18.745969,99.803825
ถ้ำสะเกิน,น่าน,สำนักบริหารพื้นที่อนุรักษ์ที่ 13 (แพร่),19.3871995,100.53447249999999
ถ้ำหลวง-ขุนน้ำนางนอน,เชียงราย,สำนักบริหารพื้นที่อนุรักษ์ที่ 15 (เชียงราย),20.379682,99.867988
ทองผาภูมิ,กาญจนบุรี,สำนักบริหารพื้นที่อนุรักษ์ที่ 3 (บ้านโป่ง),14.696454500000002,98.405311
ทะเลบัน,สตูล,สำนักบริหารพื้นที่อนุรักษ์ที่ 5 (นครศรีธรรมราช),6.7087319999999995,100.1691165
ทับลาน,นครราชสีมา,สำนักบริหารพื้นที่อนุรักษ์ที่ 1 (ปราจีนบุรี),14.31932,101.910645
ทุ่งแสลงหลวง,พิษณุโลก,สำนักบริหารพื้นที่อนุรักษ์ที่ 11 (พิษณุโลก),16.5777735,100.8089975
ธารเสด็จ-เกาะพะงัน,สุราษฎร์ธานี,สำนักบริหารพื้นที่อนุรักษ์ที่ 4 (สุราษฎร์ธานี),9.74308135,100.0429159
ธารโบกขรณี,กระบี่,สำนักบริหารพื้นที่อนุรักษ์ที่ 5 (นครศรีธรรมราช),8.3808765,98.704048
นันทบุรี,น่าน,สำนักบริหารพื้นที่อนุรักษ์ที่ 13 (แพร่),19.13125146,100.6411623
นายูง-น้ำโสม,อุดรธานี,สำนักบริหารพื้นที่อนุรักษ์ที่ 10 (อุดรธานี),17.925298,102.25443
น้ำตกคลองแก้ว,ตราด,สำนักบริหารพื้นที่อนุรักษ์ที่ 2 (ศรีราชา),12.61705,102.5773
น้ำตกชาติตระการ,พิษณุโลก,สำนักบริหารพื้นที่อนุรักษ์ที่ 11 (พิษณุโลก),17.30701406,100.6798364
น้ำตกซีโป,นราธิวาส,สำนักบริหารพื้นที่อนุรักษ์ที่ 6 สาขาปัตตานี,6.268595907,101.6428293
น้ำตกทรายขาว,ปัตตานี,สำนักบริหารพื้นที่อนุรักษ์ที่ 6 สาขาปัตตานี,6.63247932,101.096
น้ำตกบัวตอง-น้ำพุเจ็ดสี,เชียงใหม่,สำนักบริหารพื้นที่อนุรักษ์ที่ 16 (เชียงใหม่),19.069433,99.079367
น้ำตกพลิ้ว,จันทบุรี,สำนักบริหารพื้นที่อนุรักษ์ที่ 2 (ศรีราชา),12.5465,102.1941
น้ำตกพาเจริญ,ตาก,สำนักบริหารพื้นที่อนุรักษ์ที่ 14 (ตาก),16.5020573,98.7527391
น้ำตกสามหลั่น,สระบุรี,สำนักบริหารพื้นที่อนุรักษ์ที่ 1 สาขาสระบุรี,14.43987,100.96096
น้ำตกสี่ขีด,นครศรีธรรมราช,สำนักบริหารพื้นที่อนุรักษ์ที่ 5 (นครศรีธรรมราช),9.01392833,99.77179167
น้ำตกหงาว,ระนอง,สำนักบริหารพื้นที่อนุรักษ์ที่ 4 (สุราษฎร์ธานี),9.874635806499999,98.636263085
น้ำตกห้วยยาง,ประจวบคีรีขันธ์,สำนักบริหารพื้นที่อนุรักษ์ที่ 3 สาขาเพชรบุรี,11.6257285,99.5836515
น้ำตกเจ็ดสาวน้อย,สระบุรี,สำนักบริหารพื้นที่อนุรักษ์ที่ 1 สาขาสระบุรี,14.73177,101.19127
น้ำตกแม่สุรินทร์,แม่ฮ่องสอน,สำนักบริหารพื้นที่อนุรักษ์ที่ 16 สาขาแม่สะเรียง,19.232464485,98.00441652
น้ำตกโยง,นครศรีธรรมราช,สำนักบริหารพื้นที่อนุรักษ์ที่ 5 (นครศรีธรรมราช),8.2362085,99.7513835
น้ำพอง,ขอนแก่น,สำนักบริหารพื้นที่อนุรักษ์ที่ 8 (ขอนแก่น),16.6348391,102.570572
น้ำหนาว,เพชรบูรณ์,สำนักบริหารพื้นที่อนุรักษ์ที่ 11 (พิษณุโลก),16.7375403,101.5724406
บางลาง,ยะลา,สำนักบริหารพื้นที่อนุรักษ์ที่ 6 สาขาปัตตานี,6.1306576685,101.1776309
บูโด-สุไหงปาดี,นราธิวาส,สำนักบริหารพื้นที่อนุรักษ์ที่ 6 สาขาปัตตานี,6.497321359,101.6372565
ปางสีดา,สระแก้ว,สำนักบริหารพื้นที่อนุรักษ์ที่ 1 (ปราจีนบุรี),14.025175,102.21435500000001
ป่าหินงาม,ชัยภูมิ,สำนักบริหารพื้นที่อนุรักษ์ที่ 7 (นครราชสีมา),15.635138999999999,101.393078
ผาแดง,เชียงใหม่,สำนักบริหารพื้นที่อนุรักษ์ที่ 16 (เชียงใหม่),19.628535,98.948766
ผาแดง (เชียงดาว),เชียงใหม่,,19.628535,98.948766
ผาแต้ม,อุบลราชธานี,สำนักบริหารพื้นที่อนุรักษ์ที่ 9 (อุบลราชธานี),15.460017,105.570683
พุเตย,สุพรรณบุรี,สำนักบริหารพื้นที่อนุรักษ์ที่ 3 (บ้านโป่ง),14.9839,99.31832
ภูกระดึง,เลย,สำนักบริหารพื้นที่อนุรักษ์ที่ 8 (ขอนแก่น),16.8805965,101.7758265
ภูจองนายอย,อุบลราชธานี,สำนักบริหารพื้นที่อนุรักษ์ที่ 9 (อุบลราชธานี),14.4347685,105.2669655
ภูชี้ฟ้า,เชียงราย,สำนักบริหารพื้นที่อนุรักษ์ที่ 15 (เชียงราย),19.849937,100.454115
ภูซาง,พะเยา,สำนักบริหารพื้นที่อนุรักษ์ที่ 15 (เชียงราย),19.662652,100.392217
ภูผาม่าน,ขอนแก่น,สำนักบริหารพื้นที่อนุรักษ์ที่ 8 (ขอนแก่น),16.757166,101.956853
ภูผายล,สกลนคร,สำนักบริหารพื้นที่อนุรักษ์ที่ 10 (อุดรธานี),16.92895,104.17160000000001
ภูผายา,อุดรธานีี,,17.429998,102.336242
ภูผาเทิบ,มุกดาหาร,สำนักบริหารพื้นที่อนุรักษ์ที่ 9 (อุบลราชธานี),16.4305,104.797
ภูผาเทิบ (มุกดาหาร),มุกดาหาร,,16.4305,104.797
ภูผาเหล็ก,สกลนคร,สำนักบริหารพื้นที่อนุรักษ์ที่ 10 (อุดรธานี),17.263076,103.459499
ภูพาน,สกลนคร,สำนักบริหารพื้นที่อนุรักษ์ที่ 10 (อุดรธานี),17.100418,103.968286
ภูลังกา,นครพนม,สำนักบริหารพื้นที่อนุรักษ์ที่ 10 (อุดรธานี),17.980532,104.134509
ภูสระดอกบัว,มุกดาหาร,สำนักบริหารพื้นที่อนุรักษ์ที่ 9 (อุบลราชธานี),16.23921,104.73107999999999
ภูสวนทราย,เลย,สำนักบริหารพื้นที่อนุรักษ์ที่ 8 (ขอนแก่น),17.504325,100.9623625
ภูสวนทราย (นาแห้ว),เลย,,17.504325,100.9623625
ภูสอยดาว,พิษณุโลก,สำนักบริหารพื้นที่อนุรักษ์ที่ 11 (พิษณุโลก),17.721235,100.97025
ภูหินจอมธาตุ-ภูพระบาท,อุดรธานีี,สำนักบริหารพื้นที่อนุรักษ์ที่ 10 (อุดรธานี),17.429998,102.336242
ภูหินร่องกล้า,พิษณุโลก,สำนักบริหารพื้นที่อนุรักษ์ที่ 11 (พิษณุโลก),,
ภูเก้า-ภูพานคำ,หนองบัวลำภู,สำนักบริหารพื้นที่อนุรักษ์ที่ 10 (อุดรธานี),16.927579,102.4958685
ภูเรือ,เลย,สำนักบริหารพื้นที่อนุรักษ์ที่ 8 (ขอนแก่น),17.50129,101.34252
ภูเวียง,ขอนแก่น,สำนักบริหารพื้นที่อนุรักษ์ที่ 8 (ขอนแก่น),16.780651,102.2571465
ภูแลนคา,ชัยภูมิ,สำนักบริหารพื้นที่อนุรักษ์ที่ 7 (นครราชสีมา),15.9965095,101.87626549999999
รามคำแหง,สุุโขทัย,สำนักบริหารพื้นที่อนุรักษ์ที่ 14 (ตาก),16.866618,99.675683
ลานสาง,ตาก,สำนักบริหารพื้นที่อนุรักษ์ที่ 14 (ตาก),16.777145,99.003715
ลำคลองงู,กาญจนบุรี,สำนักบริหารพื้นที่อนุรักษ์ที่ 3 (บ้านโป่ง),14.8378665,98.84966700000001
ลำน้ำกก,เชียงราย,สำนักบริหารพื้นที่อนุรักษ์ที่ 15 (เชียงราย),19.963063,99.680222
ลำน้ำกระบุรี,ระนอง,สำนักบริหารพื้นที่อนุรักษ์ที่ 4 (สุราษฎร์ธานี),10.074408,98.663026
ลำน้ำน่าน,อุตรดิตถ์,สำนักบริหารพื้นที่อนุรักษ์ที่ 11 (พิษณุโลก),17.874176300000002,100.42161999999999
ศรีน่าน,น่าน,สำนักบริหารพื้นที่อนุรักษ์ที่ 13 (แพร่),18.368789999999997,100.83349999999999
ศรีพังงา,พังงา,สำนักบริหารพื้นที่อนุรักษ์ที่ 5 (นครศรีธรรมราช),8.996393,98.464502
ศรีลานนา,เชียงใหม่,สำนักบริหารพื้นที่อนุรักษ์ที่ 16 (เชียงใหม่),19.45218381,99.20302229
ศรีสัชนาลัย,สุุโขทัย,สำนักบริหารพื้นที่อนุรักษ์ที่ 14 (ตาก),17.5653845,99.477963
สันกาลาคีรี,สงขลา,สำนักบริหารพื้นที่อนุรักษ์ที่ 6 (สงขลา),6.1931766,100.5526648
สาละวิน,แม่ฮ่องสอน,สำนักบริหารพื้นที่อนุรักษ์ที่ 16 สาขาแม่สะเรียง,18.06706098,97.73924712
สิรินาถ,ภูเก็ต,สำนักบริหารพื้นที่อนุรักษ์ที่ 5 (นครศรีธรรมราช),8.100366,98.288764
หมู่เกาะชุมพร,ชุมพร,สำนักบริหารพื้นที่อนุรักษ์ที่ 4 (สุราษฎร์ธานี),10.3722,99.29755
หมู่เกาะช้าง,ตราด,สำนักบริหารพื้นที่อนุรักษ์ที่ 2 (ศรีราชา),12.04135,102.36824999999999
หมู่เกาะระนอง,ระนอง,สำนักบริหารพื้นที่อนุรักษ์ที่ 4 (สุราษฎร์ธานี),9.8695636765,98.5401052
หมู่เกาะลันตา,กระบี่ี่,สำนักบริหารพื้นที่อนุรักษ์ที่ 5 (นครศรีธรรมราช),7.447342000000001,99.08126949999999
หมู่เกาะสิมิลัน,พังงา,สำนักบริหารพื้นที่อนุรักษ์ที่ 5 (นครศรีธรรมราช),8.613916,97.647166
หมู่เกาะสุรินทร์,พังงา,สำนักบริหารพื้นที่อนุรักษ์ที่ 5 (นครศรีธรรมราช),9.416665,97.875816
หมู่เกาะอ่างทอง,สุราษฎร์ธานี,สำนักบริหารพื้นที่อนุรักษ์ที่ 4 (สุราษฎร์ธานี),9.6357422,99.6707583
หมู่เกาะเภตรา,สตูล,สำนักบริหารพื้นที่อนุรักษ์ที่ 5 (นครศรีธรรมราช),6.835713,99.754821
หาดขนอม-หมู่เกาะทะเลใต้,นครศรีธรรมราช,สำนักบริหารพื้นที่อนุรักษ์ที่ 5 (นครศรีธรรมราช),9.312384,99.838173
หาดนพรัตน์ธารา-หมู่เกาะพีพี,กระบี่,สำนักบริหารพื้นที่อนุรักษ์ที่ 5 (นครศรีธรรมราช),7.965792,98.797496
หาดวนกร,ประจวบคีรีขันธ์,สำนักบริหารพื้นที่อนุรักษ์ที่ 3 สาขาเพชรบุรี,11.636034500000001,99.70355599999999
หาดเจ้าไหม,ตรัง,สำนักบริหารพื้นที่อนุรักษ์ที่ 5 (นครศรีธรรมราช),7.379708,99.342146
ห้วยน้ำดัง,เชียงใหม่,สำนักบริหารพื้นที่อนุรักษ์ที่ 16 (เชียงใหม่),19.308448,98.600206
ออบขาน,เชียงใหม่,สำนักบริหารพื้นที่อนุรักษ์ที่ 16 (เชียงใหม่),18.60304,98.65488500000001
ออบหลวง,เชียงใหม่,สำนักบริหารพื้นที่อนุรักษ์ที่ 16 (เชียงใหม่),18.247501,98.4825385
อ่าวพังงา,พังงา,สำนักบริหารพื้นที่อนุรักษ์ที่ 5 (นครศรีธรรมราช),8.2232,98.4959
อ่าวมะนาว-เขาตันหยง,นราธิวาส,สำนักบริหารพื้นที่อนุรักษ์ที่ 6 สาขาปัตตานี,6.427545,101.861798
อ่าวสยาม,ประจวบคีรีขันธ์,สำนักบริหารพื้นที่อนุรักษ์ที่ 3 สาขาเพชรบุรี,11.21032871,99.5251081
เขลางค์บรรพต,ลำปาง,สำนักบริหารพื้นที่อนุรักษ์ที่ 13 สาขาลำปาง,18.2841,99.5538
เขาคิชฌกูฎ,จันทบุรี,สำนักบริหารพื้นที่อนุรักษ์ที่ 2 (ศรีราชา),12.8395,102.12115
เขาค้อ,เพชรบูรณ์,สำนักบริหารพื้นที่อนุรักษ์ที่ 11 (พิษณุโลก),16.613618000000002,100.999924
เขาชะเมา-เขาวง,ระยอง,สำนักบริหารพื้นที่อนุรักษ์ที่ 2 (ศรีราชา),12.91288,101.7246
เขานัน,นครศรีธรรมราช,สำนักบริหารพื้นที่อนุรักษ์ที่ 5 (นครศรีธรรมราช),8.7802635,99.7738835
เขาน้ำค้าง,สงขลา,สำนักบริหารพื้นที่อนุรักษ์ที่ 6 (สงขลา),6.581398,100.5881555
เขาปู่-เขาย่า,พัทลุง,สำนักบริหารพื้นที่อนุรักษ์ที่ 6 (สงขลา),7.6771925,99.8000245
เขาพนมเบญจา,กระบี่,สำนักบริหารพื้นที่อนุรักษ์ที่ 5 (นครศรีธรรมราช),8.2398935,98.919948
เขาพระวิหาร,ศรีสะเกษ,สำนักบริหารพื้นที่อนุรักษ์ที่ 9 (อุบลราชธานี),14.403145,104.709838
เขาลำปี-หาดท้ายเหมือง,พังงา,สำนักบริหารพื้นที่อนุรักษ์ที่ 5 (นครศรีธรรมราช),8.452684000000001,98.234793
เขาสก,สุราษฎร์ธานี,สำนักบริหารพื้นที่อนุรักษ์ที่ 4 (สุราษฎร์ธานี),8.922591,98.593166
เขาสามร้อยยอด,ประจวบคีรีขันธ์,สำนักบริหารพื้นที่อนุรักษ์ที่ 3 สาขาเพชรบุรี,12.187844,99.983173
เขาสิบห้าชั้น,จันทบุรี,สำนักบริหารพื้นที่อนุรักษ์ที่ 2 (ศรีราชา),13.17267,102.01328
เขาหลวง,นครศรีธรรมราช,สำนักบริหารพื้นที่อนุรักษ์ที่ 5 (นครศรีธรรมราช),8.5426245,99.734142
เขาหลัก-ลำรู่,พัังงา,สำนักบริหารพื้นที่อนุรักษ์ที่ 5 (นครศรีธรรมราช),8.6285,98.2405
เขาแหลม,กาญจนบุรี,สำนักบริหารพื้นที่อนุรักษ์ที่ 3 (บ้านโป่ง),15.020143000000001,98.6001795
เขาแหลมหญ้า-หมู่เกาะเสม็ด,ระยอง,สำนักบริหารพื้นที่อนุรักษ์ที่ 2 (ศรีราชา),12.5736455,101.449714
เขาใหญ่,นครนายก,สำนักบริหารพื้นที่อนุรักษ์ที่ 1 (ปราจีนบุรี),14.43417,101.38522
เขื่อนศรีนครินทร์,กาญจนบุรี,สำนักบริหารพื้นที่อนุรักษ์ที่ 3 (บ้านโป่ง),14.640077,98.9859005
เจ็ดคด-โป่งก้อนเส้า,สระบุรี,สำนักบริหารพื้นที่อนุรักษ์ที่ 1 สาขาสระบุรี,14.494748,101.172379
เฉลิมพระเกียรติไทยประจัน,ราชบุรี,สำนักบริหารพื้นที่อนุรักษ์ที่ 3 (บ้านโป่ง),13.2611,99.4113
เฉลิมรัตนโกสินทร์,กาญจนบุรี,สำนักบริหารพื้นที่อนุรักษ์ที่ 3 (บ้านโป่ง),14.662261855,99.30588044
เวียงโกศัย,แพร่,สำนักบริหารพื้นที่อนุรักษ์ที่ 13 (แพร่),17.96875,99.592402
เอราวัณ,กาญจนบุรี,สำนักบริหารพื้นที่อนุรักษ์ที่ 3 (บ้านโป่ง),14.37289475,99.1464992
แก่งกระจาน,เพชรบุรี,สำนักบริหารพื้นที่อนุรักษ์ที่ 3 สาขาเพชรบุรี,12.82444,99.49859
แก่งกรุง,สุราษฎร์ธานี,สำนักบริหารพื้นที่อนุรักษ์ที่ 4 (สุราษฎร์ธานี),9.341306405000001,98.8548117
แก่งตะนะ,อุบลราชธานี,สำนักบริหารพื้นที่อนุรักษ์ที่ 9 (อุบลราชธานี),15.299622,105.47644
แก่งเจ็ดแคว,พิษณุโลก,สำนักบริหารพื้นที่อนุรักษ์ที่ 11,17.176348,100.3994195
แควน้อย,พิษณุโลก,สำนักบริหารพื้นที่อนุรักษ์ที่ 11 (พิษณุโลก),17.176348,100.3994195
แจ้ซ้อน,ลำปาง,สำนักบริหารพื้นที่อนุรักษ์ที่ 13 สาขาลำปาง,18.8417,99.467765
แม่จริม,น่าน,สำนักบริหารพื้นที่อนุรักษ์ที่ 13 (แพร่),18.60074,100.98446
แม่ตะไคร้,เชียงใหม่,สำนักบริหารพื้นที่อนุรักษ์ที่ 16 (เชียงใหม่),18.951865,99.1885775
แม่ปิง,ลำพูน,สำนักบริหารพื้นที่อนุรักษ์ที่ 16 (เชียงใหม่),17.5893997,98.84403435
แม่ปืม,พะเยา,สำนักบริหารพื้นที่อนุรักษ์ที่ 15 (เชียงราย),19.4326,99.88024999999999
แม่ยม,แพร่,สำนักบริหารพื้นที่อนุรักษ์ที่ 13 (แพร่),18.63574725,100.1603593
แม่ยวมฝั่งซ้าย,แม่ฮ่องสอน,สำนักบริหารพื้นที่อนุรักษ์ที่ 16 สาขาแม่สะเรียง,,
แม่วงก์,กำแพงเพชร,สำนักบริหารพื้นที่อนุรักษ์ที่ 12 (นครสวรรค์),16.039616,99.14114
แม่วะ,ลำปาง,สำนักบริหารพื้นที่อนุรักษ์ที่ 13 สาขาลำปาง,17.447827,99.224895
แม่วาง,เชียงใหม่,สำนักบริหารพื้นที่อนุรักษ์ที่ 16 (เชียงใหม่),18.523782500000003,98.7438905
แม่สะเรียง,แม่ฮ่องสอน,สำนักบริหารพื้นที่อนุรักษ์ที่ 16 สาขาแม่สะเรียง,18.11161168,97.98605209
แม่เงา,แม่ฮ่องสอน,สำนักบริหารพื้นที่อนุรักษ์ที่ 16 สาขาแม่สะเรียง,17.79800008,97.981422305
แม่เมย,ตาก,สำนักบริหารพื้นที่อนุรักษ์ที่ 14 (ตาก),17.495278,98.0727775
แม่โถ,เชียงใหม่,สำนักบริหารพื้นที่อนุรักษ์ที่ 16 (เชียงใหม่),18.2576,98.1632
แหลมสน,ระนอง,สำนักบริหารพื้นที่อนุรักษ์ที่ 4 (สุราษฎร์ธานี),,
ใต้ร่มเย็น,สุราษฎร์ธานี,สำนักบริหารพื้นที่อนุรักษ์ที่ 4 (สุราษฎร์ธานี),8.863011,99.477738
ไทรทอง,ชัยภูมิ,สำนักบริหารพื้นที่อนุรักษ์ที่ 7 (นครราชสีมา),15.88196,101.455575
ไทรโยค,กาญจนบุรี,สำนักบริหารพื้นที่อนุรักษ์ที่ 3 (บ้านโป่ง),14.43547,98.853004
ไม้กลายเป็นหิน,ตาก,สำนักบริหารพื้นที่อนุรักษ์ที่ 14,17.060036,98.978917
